{"v":"5.1.6","fr":30,"ip":0,"op":31,"w":304,"h":188,"nm":"4_loan","ddd":0,"assets":[],"layers":[{"ddd":0,"ind":1,"ty":4,"nm":"Shape Layer 3","sr":1,"ks":{"o":{"a":0,"k":100,"ix":11},"r":{"a":0,"k":0,"ix":10},"p":{"a":0,"k":[206.75,154.133,0],"ix":2},"a":{"a":0,"k":[0.145,60.133,0],"ix":1},"s":{"a":1,"k":[{"i":{"x":[0.179,0.179,0.667],"y":[1.024,1,1]},"o":{"x":[0.333,0.333,0.333],"y":[0,0,0]},"n":["0p179_1p024_0p333_0","0p179_1_0p333_0","0p667_1_0p333_0"],"t":0,"s":[100,0,100],"e":[100,100,100]},{"t":28.9755859375}],"ix":6}},"ao":0,"shapes":[{"ty":"gr","it":[{"ty":"rc","d":1,"s":{"a":0,"k":[40,120],"ix":2},"p":{"a":0,"k":[0,0],"ix":3},"r":{"a":0,"k":2,"ix":4},"nm":"Rectangle Path 1","mn":"ADBE Vector Shape - Rect","hd":false},{"ty":"gf","o":{"a":0,"k":100,"ix":10},"r":1,"g":{"p":3,"k":{"a":0,"k":[0,0.922,0.945,0.98,0.5,0.886,0.92,0.965,1,0.851,0.894,0.949],"ix":9}},"s":{"a":0,"k":[0,36.897],"ix":5},"e":{"a":0,"k":[0.262,-36.652],"ix":6},"t":1,"nm":"Gradient Fill 1","mn":"ADBE Vector Graphic - G-Fill","hd":false},{"ty":"tr","p":{"a":0,"k":[-0.355,-0.178],"ix":2},"a":{"a":0,"k":[0,0],"ix":1},"s":{"a":0,"k":[100,100],"ix":3},"r":{"a":0,"k":0,"ix":6},"o":{"a":0,"k":100,"ix":7},"sk":{"a":0,"k":0,"ix":4},"sa":{"a":0,"k":0,"ix":5},"nm":"Transform"}],"nm":"Rectangle 1","np":3,"cix":2,"ix":1,"mn":"ADBE Vector Group","hd":false}],"ip":0,"op":35,"st":0,"bm":0},{"ddd":0,"ind":2,"ty":4,"nm":"Shape Layer 2","sr":1,"ks":{"o":{"a":0,"k":100,"ix":11},"r":{"a":0,"k":0,"ix":10},"p":{"a":0,"k":[152,153.935,0],"ix":2},"a":{"a":0,"k":[-0.355,59.935,0],"ix":1},"s":{"a":1,"k":[{"i":{"x":[0.304,0.304,0.667],"y":[1.221,1.002,1]},"o":{"x":[0.333,0.333,0.333],"y":[0,0,0]},"n":["0p304_1p221_0p333_0","0p304_1p002_0p333_0","0p667_1_0p333_0"],"t":0,"s":[100,0,100],"e":[100,100,100]},{"t":29}],"ix":6}},"ao":0,"shapes":[{"ty":"gr","it":[{"ty":"rc","d":1,"s":{"a":0,"k":[40,78],"ix":2},"p":{"a":0,"k":[0,0],"ix":3},"r":{"a":0,"k":2,"ix":4},"nm":"Rectangle Path 1","mn":"ADBE Vector Shape - Rect","hd":false},{"ty":"gf","o":{"a":0,"k":100,"ix":10},"r":1,"g":{"p":3,"k":{"a":0,"k":[0,0.922,0.945,0.98,0.5,0.886,0.92,0.965,1,0.851,0.894,0.949],"ix":9}},"s":{"a":0,"k":[0,36.897],"ix":5},"e":{"a":0,"k":[0.262,-36.652],"ix":6},"t":1,"nm":"Gradient Fill 1","mn":"ADBE Vector Graphic - G-Fill","hd":false},{"ty":"tr","p":{"a":0,"k":[-0.355,20.935],"ix":2},"a":{"a":0,"k":[0,0],"ix":1},"s":{"a":0,"k":[100,100],"ix":3},"r":{"a":0,"k":0,"ix":6},"o":{"a":0,"k":100,"ix":7},"sk":{"a":0,"k":0,"ix":4},"sa":{"a":0,"k":0,"ix":5},"nm":"Transform"}],"nm":"Rectangle 1","np":3,"cix":2,"ix":1,"mn":"ADBE Vector Group","hd":false}],"ip":0,"op":35,"st":0,"bm":0},{"ddd":0,"ind":3,"ty":4,"nm":"Shape Layer 1","sr":1,"ks":{"o":{"a":0,"k":100,"ix":11},"r":{"a":0,"k":0,"ix":10},"p":{"a":0,"k":[97.5,154.939,0],"ix":2},"a":{"a":0,"k":[-54.5,59.713,0],"ix":1},"s":{"a":1,"k":[{"i":{"x":[0.201,0.201,0.667],"y":[1,1,1]},"o":{"x":[0.333,0.333,0.333],"y":[0,0,0]},"n":["0p201_1_0p333_0","0p201_1_0p333_0","0p667_1_0p333_0"],"t":0,"s":[100,0,100],"e":[100,100,100]},{"t":29}],"ix":6}},"ao":0,"shapes":[{"ty":"gr","it":[{"ty":"rc","d":1,"s":{"a":0,"k":[40,34.08],"ix":2},"p":{"a":0,"k":[0,0],"ix":3},"r":{"a":0,"k":2,"ix":4},"nm":"Rectangle Path 1","mn":"ADBE Vector Shape - Rect","hd":false},{"ty":"gf","o":{"a":0,"k":100,"ix":10},"r":1,"g":{"p":3,"k":{"a":0,"k":[0,0.192,0.533,1,0.5,0.124,0.478,0.967,1,0.055,0.424,0.933],"ix":9}},"s":{"a":0,"k":[0,16.896],"ix":5},"e":{"a":0,"k":[0.435,-15.938],"ix":6},"t":1,"nm":"Gradient Fill 1","mn":"ADBE Vector Graphic - G-Fill","hd":false},{"ty":"tr","p":{"a":0,"k":[-54.936,41.631],"ix":2},"a":{"a":0,"k":[0,0],"ix":1},"s":{"a":0,"k":[100,100],"ix":3},"r":{"a":0,"k":0,"ix":6},"o":{"a":0,"k":100,"ix":7},"sk":{"a":0,"k":0,"ix":4},"sa":{"a":0,"k":0,"ix":5},"nm":"Transform"}],"nm":"Rectangle 1","np":3,"cix":2,"ix":1,"mn":"ADBE Vector Group","hd":false}],"ip":0,"op":35,"st":0,"bm":0},{"ddd":0,"ind":4,"ty":4,"nm":"percent","sr":1,"ks":{"o":{"a":1,"k":[{"i":{"x":[0.833],"y":[0.833]},"o":{"x":[0.167],"y":[0.167]},"n":["0p833_0p833_0p167_0p167"],"t":0,"s":[0],"e":[100]},{"t":18}],"ix":11},"r":{"a":0,"k":0,"ix":10},"p":{"a":1,"k":[{"i":{"x":0.198,"y":1},"o":{"x":0.333,"y":0},"n":"0p198_1_0p333_0","t":0,"s":[152,128,0],"e":[152,93,0],"to":[0,-5.83333349227905,0],"ti":[0,5.83333349227905,0]},{"t":30}],"ix":2},"a":{"a":0,"k":[74,60,0],"ix":1},"s":{"a":1,"k":[{"i":{"x":[0.833,0.833,0.833],"y":[0.833,0.833,0.833]},"o":{"x":[0.167,0.167,0.167],"y":[0.167,0.167,0.167]},"n":["0p833_0p833_0p167_0p167","0p833_0p833_0p167_0p167","0p833_0p833_0p167_0p167"],"t":0,"s":[100,100,100],"e":[100,100,100]},{"t":25}],"ix":6}},"ao":0,"shapes":[{"ty":"gr","it":[{"ind":0,"ty":"sh","ix":1,"ks":{"a":0,"k":{"i":[[0,0],[0,0],[0,0],[0,0]],"o":[[0,0],[0,0],[0,0],[0,0]],"v":[[8.061,-9.475],[-9.475,8.061],[-8.061,9.475],[9.475,-8.061]],"c":true},"ix":2},"nm":"Path 1","mn":"ADBE Vector Shape - Group","hd":false},{"ty":"fl","c":{"a":0,"k":[0.059000000299,0.416000007181,0.898000021542,1],"ix":4},"o":{"a":0,"k":100,"ix":5},"r":1,"nm":"Fill 1","mn":"ADBE Vector Graphic - Fill","hd":false},{"ty":"tr","p":{"a":0,"k":[19.727,66.273],"ix":2},"a":{"a":0,"k":[0,0],"ix":1},"s":{"a":0,"k":[100,100],"ix":3},"r":{"a":0,"k":0,"ix":6},"o":{"a":0,"k":100,"ix":7},"sk":{"a":0,"k":0,"ix":4},"sa":{"a":0,"k":0,"ix":5},"nm":"Transform"}],"nm":"Group 1","np":2,"cix":2,"ix":1,"mn":"ADBE Vector Group","hd":false},{"ty":"gr","it":[{"ind":0,"ty":"sh","ix":1,"ks":{"a":0,"k":{"i":[[1.593,0],[0,1.594],[-1.593,0],[0,-1.592]],"o":[[-1.593,0],[0,-1.592],[1.593,0],[0,1.594]],"v":[[0,2.889],[-2.889,-0.001],[0,-2.889],[2.889,-0.001]],"c":true},"ix":2},"nm":"Path 1","mn":"ADBE Vector Shape - Group","hd":false},{"ind":1,"ty":"sh","ix":2,"ks":{"a":0,"k":{"i":[[2.696,0],[0,-2.695],[-2.696,0],[0,2.697]],"o":[[-2.696,0],[0,2.697],[2.696,0],[0,-2.695]],"v":[[0,-4.889],[-4.889,-0.001],[0,4.889],[4.889,-0.001]],"c":true},"ix":2},"nm":"Path 2","mn":"ADBE Vector Shape - Group","hd":false},{"ty":"fl","c":{"a":0,"k":[0.059000000299,0.416000007181,0.898000021542,1],"ix":4},"o":{"a":0,"k":100,"ix":5},"r":1,"nm":"Fill 1","mn":"ADBE Vector Graphic - Fill","hd":false},{"ty":"tr","p":{"a":0,"k":[26.111,72.112],"ix":2},"a":{"a":0,"k":[0,0],"ix":1},"s":{"a":0,"k":[100,100],"ix":3},"r":{"a":0,"k":0,"ix":6},"o":{"a":0,"k":100,"ix":7},"sk":{"a":0,"k":0,"ix":4},"sa":{"a":0,"k":0,"ix":5},"nm":"Transform"}],"nm":"Group 2","np":3,"cix":2,"ix":2,"mn":"ADBE Vector Group","hd":false},{"ty":"gr","it":[{"ind":0,"ty":"sh","ix":1,"ks":{"a":0,"k":{"i":[[-1.593,0],[0,-1.593],[1.593,0],[0,1.593]],"o":[[1.593,0],[0,1.593],[-1.593,0],[0,-1.593]],"v":[[0,-2.889],[2.889,0],[0,2.889],[-2.889,0]],"c":true},"ix":2},"nm":"Path 1","mn":"ADBE Vector Shape - Group","hd":false},{"ind":1,"ty":"sh","ix":2,"ks":{"a":0,"k":{"i":[[-2.696,0],[0,2.695],[2.696,0],[0,-2.696]],"o":[[2.696,0],[0,-2.696],[-2.696,0],[0,2.695]],"v":[[0,4.889],[4.889,0],[0,-4.889],[-4.889,0]],"c":true},"ix":2},"nm":"Path 2","mn":"ADBE Vector Shape - Group","hd":false},{"ty":"fl","c":{"a":0,"k":[0.059000000299,0.416000007181,0.898000021542,1],"ix":4},"o":{"a":0,"k":100,"ix":5},"r":1,"nm":"Fill 1","mn":"ADBE Vector Graphic - Fill","hd":false},{"ty":"tr","p":{"a":0,"k":[13.889,59.889],"ix":2},"a":{"a":0,"k":[0,0],"ix":1},"s":{"a":0,"k":[100,100],"ix":3},"r":{"a":0,"k":0,"ix":6},"o":{"a":0,"k":100,"ix":7},"sk":{"a":0,"k":0,"ix":4},"sa":{"a":0,"k":0,"ix":5},"nm":"Transform"}],"nm":"Group 3","np":3,"cix":2,"ix":3,"mn":"ADBE Vector Group","hd":false}],"ip":0,"op":35,"st":0,"bm":0}],"markers":[]}